Address,City,Province,PostalCode,Headquarters
410 Summerhill Avenue,Toronto,ON,M4W2E4,No
1293 Saint Clair Avenue West,Toronto,ON,M6E 1C2,No
4436 Sheppard Avenue East,Toronto,ON,M1S 1V2,No
182 Front Street East,Toronto,ON,M5A 4N3,No
150 College Street,Toronto,ON,M5T 1S1,No
2202 Martin Grove Road,Toronto,ON,M9V 5H9,No
63 Hanna Avenue,Toronto,ON,M6K 3N7,No
6172 Bathurst Street,Willowdale,ON,M2R 2A2,No
2282 Bloor Street West,Toronto,ON,M6S 1N9,No
779 Bay St,Toronto,ON,M5G 2C8,No
1500 Avenue Road,North York,ON,M5M 3X2,No
66 Wellington Street West,Toronto,ON,M5K 1A1,Yes
